--従業員情報
INSERT INTO m_employee(emp_no, password, department, emp_name, default_tel)
 VALUES ('10000001', crypt('10000001', gen_salt('bf')), '総務部', '総務一雄', '1111')
, ('10000002', crypt('10000002', gen_salt('bf')), '総務部', '総務二子', '12345678901')
, ('10000003', crypt('10000003', gen_salt('bf')), '開発部', '開発三朗', '99999999999')
, ('10000004', crypt('10000004', gen_salt('bf')), '開発部', '開発四朗', '00000000000')
, ('10000005', crypt('10000005', gen_salt('bf')), '営業部', '営業五郎', '55555555555');

--会議室情報
INSERT INTO m_room(room_cd, room_name)
 VALUES (1, '3階会議室');

--時間帯情報
INSERT INTO m_time(time_cd, time_name)
 VALUES (1, '午前１（9:00～10:30）')
 ,(2, '午前２（10:30～12:00）')
 ,(3, '午後１（13:00～15:00）')
 ,(4, '午後２（15:00～17:00）');

--予約情報
--2020/05/31
INSERT INTO t_reserve(reserve_date, time_cd, room_cd, emp_no, tel, purpose)
 VALUES ('2020/05/31', 1, 1, '10000001', '1111', 'X社打ち合わせ')
 ,('2020/05/31', 2, 1, '10000001', '1111', 'X社打ち合わせ')
 ,('2020/05/31', 3, 1, '10000002', '12345678901', 'X社打ち合わせ①')
 ,('2020/05/31', 4, 1, '10000002', '12345678901', 'X社打ち合わせ①');
--2020/06/01
INSERT INTO t_reserve(reserve_date, time_cd, room_cd, emp_no, tel, purpose)
 VALUES ('2020/06/01', 1, 1, '10000002', '12345678901', 'スタッフ向け事前研修')
 ,('2020/06/01', 2, 1, '10000002', '12345678901', 'スタッフ向け事前研修')
 ,('2020/06/01', 3, 1, '10000004', '00000000000', 'X社打ち合わせ②')
 ,('2020/06/01', 4, 1, '10000004', '00000000000', 'X社打ち合わせ②');
--2020/06/30
INSERT INTO t_reserve(reserve_date, time_cd, room_cd, emp_no, tel, purpose)
 VALUES ('2020/06/30', 1, 1, '10000004', '09011112222', 'X社打ち合わせ③')
 ,('2020/06/30', 2, 1, '10000004', '09011112222', 'X社打ち合わせ③')
 ,('2020/06/30', 3, 1, '10000001', '1111', 'Y社打ち合わせ')
 ,('2020/06/30', 4, 1, '10000003', '99999999999', '資料作成作業');
--2020/07/01
INSERT INTO t_reserve(reserve_date, time_cd, room_cd, emp_no, tel, purpose)
 VALUES ('2020/07/01', 1, 1, '10000004', '09011112222', 'X社打ち合わせ④')
 ,('2020/07/01', 2, 1, '10000004', '09011112222', 'X社打ち合わせ④')
 ,('2020/07/01', 3, 1, '10000003', '09011112222', 'X社打ち合わせ')
 ,('2020/07/01', 4, 1, '10000003', '99999999999', '資料作成作業');
